{
  "version": 1,
  "author": "Anonymous maker",
  "editor": "wokwi",
  "parts": [
    { "type": "wokwi-breadboard", "id": "bb1", "top": -127.8, "left": -170, "attrs": {} },
    { "type": "wokwi-arduino-uno", "id": "uno", "top": 115.8, "left": 105, "attrs": {} },
    {
      "type": "wokwi-hc-sr04",
      "id": "ultrasonic1",
      "top": -142.5,
      "left": -100.1,
      "attrs": { "distance": "31" }
    },
    {
      "type": "wokwi-led",
      "id": "led1",
      "top": -118.8,
      "left": 138.2,
      "attrs": { "color": "yellow" }
    },
    {
      "type": "wokwi-led",
      "id": "led2",
      "top": -118.8,
      "left": 109.4,
      "attrs": { "color": "red" }
    },
    {
      "type": "wokwi-led",
      "id": "led3",
      "top": -118.8,
      "left": 167,
      "attrs": { "color": "limegreen" }
    },
    {
      "type": "wokwi-resistor",
      "id": "r1",
      "top": -33.6,
      "left": 105.05,
      "rotate": 90,
      "attrs": { "value": "330" }
    },
    {
      "type": "wokwi-resistor",
      "id": "r2",
      "top": -33.6,
      "left": 133.85,
      "rotate": 90,
      "attrs": { "value": "330" }
    },
    {
      "type": "wokwi-resistor",
      "id": "r3",
      "top": -33.6,
      "left": 162.65,
      "rotate": 90,
      "attrs": { "value": "330" }
    }
  ],
  "connections": [
    [ "uno:5V", "bb1:bp.35", "red", [ "v0" ] ],
    [ "uno:GND.2", "bb1:bn.35", "black", [ "v0" ] ],
    [ "bb1:bn.31", "bb1:bn.30", "green", [ "v0" ] ],
    [ "bb1:bp.30", "bb1:bp.31", "green", [ "v0" ] ],
    [ "bb1:bn.26", "bb1:bn.25", "green", [ "v0" ] ],
    [ "bb1:bp.25", "bb1:bp.26", "green", [ "v0" ] ],
    [ "bb1:bn.21", "bb1:bn.20", "green", [ "v0" ] ],
    [ "bb1:bp.20", "bb1:bp.21", "green", [ "v0" ] ],
    [ "bb1:bn.9", "bb1:16b.g", "green", [ "v0" ] ],
    [ "bb1:bp.9", "bb1:13b.f", "green", [ "v0" ] ],
    [ "bb1:bp.16", "bb1:bp.15", "green", [ "v0" ] ],
    [ "bb1:bn.15", "bb1:bn.16", "green", [ "v0" ] ],
    [ "bb1:bp.10", "bb1:bp.11", "green", [ "v0" ] ],
    [ "bb1:bn.11", "bb1:bn.10", "green", [ "v0" ] ],
    [ "bb1:14t.e", "uno:A0", "green", [ "v0" ] ],
    [ "bb1:16t.e", "bb1:16b.f", "green", [ "v0" ] ],
    [ "bb1:13t.e", "bb1:13b.h", "green", [ "v0" ] ],
    [ "bb1:29t.e", "bb1:bn.23", "green", [ "v0" ] ],
    [ "bb1:32t.e", "bb1:bn.24", "green", [ "v0" ] ],
    [ "bb1:35t.e", "bb1:bn.28", "green", [ "v105.6" ] ],
    [ "bb1:15t.e", "uno:A1", "green", [ "v384", "h326.4" ] ],
    [ "bb1:36b.h", "uno:3", "green", [ "v9.6", "h144" ] ],
    [ "bb1:33b.j", "uno:4", "green", [ "v57.6", "h163.2" ] ],
    [ "bb1:30b.h", "uno:5", "green", [ "v96", "h182.4" ] ],
    [ "ultrasonic1:VCC", "bb1:13t.d", "", [ "$bb" ] ],
    [ "ultrasonic1:TRIG", "bb1:14t.d", "", [ "$bb" ] ],
    [ "ultrasonic1:ECHO", "bb1:15t.d", "", [ "$bb" ] ],
    [ "ultrasonic1:GND", "bb1:16t.d", "", [ "$bb" ] ],
    [ "led3:A", "bb1:36t.a", "", [ "$bb" ] ],
    [ "led3:C", "bb1:35t.a", "", [ "$bb" ] ],
    [ "led1:A", "bb1:33t.a", "", [ "$bb" ] ],
    [ "led1:C", "bb1:32t.a", "", [ "$bb" ] ],
    [ "led2:A", "bb1:30t.a", "", [ "$bb" ] ],
    [ "led2:C", "bb1:29t.a", "", [ "$bb" ] ],
    [ "r1:1", "bb1:30t.c", "", [ "$bb" ] ],
    [ "r1:2", "bb1:30b.g", "", [ "$bb" ] ],
    [ "r2:1", "bb1:33t.c", "", [ "$bb" ] ],
    [ "r2:2", "bb1:33b.g", "", [ "$bb" ] ],
    [ "r3:1", "bb1:36t.c", "", [ "$bb" ] ],
    [ "r3:2", "bb1:36b.g", "", [ "$bb" ] ]
  ],
  "dependencies": {}
}